<application>
  <component name="DimensionService">
    <size key="GridCell.Tab.0.left.-1920.0.1920.1080" width="1838" height="408" />
    <size key="GridCell.Tab.0.center.-1920.0.1920.1080" width="1838" height="408" />
    <size key="GridCell.Tab.0.right.-1920.0.1920.1080" width="1838" height="408" />
    <size key="GridCell.Tab.0.bottom.-1920.0.1920.1080" width="1838" height="408" />
  </component>
  <component name="WindowManager">
    <frame x="85" y="25" width="1750" height="970" extendedState="6" />
  </component>
  <component name="WindowStateApplicationService">
    <state x="-960" y="452" width="800" height="650" key="WELCOME_SCREEN" timestamp="1762746351437">
      <screen x="-1920" y="0" width="1920" height="1032" />
    </state>
    <state x="-960" y="452" width="800" height="650" key="WELCOME_SCREEN/0.0.1536.816/-1920.0.1920.1032" timestamp="1762746351437" />
  </component>
</application>